School,City,Address,Phone,Email,Website,Notes
10th Planet Fort Worth,Fort Worth,"5364 Wedgmont Circle N, Fort Worth, TX 76133",,10pfortworth@gmail.com,https://www.10thplanetfortworth.com,
3 Embers Grappling Academy,McKinney,"320 Industrial Blvd Ste 206, McKinney, TX 75069",214-973-8506,info@3embersjiujitsu.com,https://www.3embersgrapplingacademy.com,
4 Korners Jiu-Jitsu,Frisco,"8155 Custer Rd Ste 300, Frisco, TX 75035",480-847-2782,4kornersbjj@gmail.com,https://www.4kbjj.com,
5 Elements Studio - Jiu-Jitsu & Fitness,Dallas,"2613 N Carroll Ave, Dallas, TX 75204",214-940-3445,contact@5elementsstudio.com,https://5elementsstudio.com,
Abdias Brazilian Jiu-Jitsu,Dallas,"900 E Clarendon Dr #170, Dallas, TX 75203",469-503-3299,contact@abdiasbjj.com,https://www.bushidostrength.com,
Academy of Champions HQ (ACJJ Team),Dallas,"14225 Inwood Rd, Dallas, TX (verify ZIP)",682-556-7300,academyofchampionshq@gmail.com,https://www.acjjteam.com,
Aces Jiu Jitsu Club (Fort Worth location),Fort Worth,"906 Pennsylvania Ave, Fort Worth, TX 76104",512-730-1161,helpdesk@acesjiujitsuclub.com,https://acesjiujitsuclub.com,Email is org-wide contact.
Alex Martins Brazilian Jiu-Jitsu Academy,Dallas,"427 W Commerce St, Dallas, TX 75208",806-570-6579,alexmartinsbjjmartialarts@gmail.com,https://alexmartinsbrazilianjiujitsu.com,
Alliance BJJ Fort Worth,Fort Worth,"9140 North Fwy Ste 316A, Fort Worth, TX 76177",682-600-2032,info@alliancejjfw.com,https://alliancejjfw.com,
Alliance Jiu Jitsu Dallas,Dallas,"1901 Royal Ln Suite 109, Dallas, TX 75229",469-718-9191,,https://alliancejiujitsudallas.com,
Argyle Jiu Jitsu Academy,Argyle,"811C Stonecrest Rd, Argyle, TX 76226",940-391-2042,info.argylejiujitsu@gmail.com,https://www.facebook.com/argylejiujitsu/,
Boon Martial Arts,Dallas,"5757 W Lovers Ln Suite 217, Dallas, TX 75209",214-352-5425,info@boonmma.com,https://www.boonmma.com,
Brazilian Top Team (Irving),Irving,"555 W Airport Fwy Suite 160, Irving, TX 75062",214-498-7437,info@bttnorthdallas.com,https://www.bttnorthdallas.com,Listed as second location on BTT North Dallas site.
Brazilian Top Team (North Dallas),Richardson,"670 N Coit Rd Suite 2373, Richardson, TX 75080",214-498-7437,info@bttnorthdallas.com,https://www.bttnorthdallas.com,
Bushido Mixed Martial Arts School,Arlington,"1304 W Arkansas Ln, Arlington, TX 76013",817-903-0574,bushidomartialarts@yahoo.com,https://www.bushidomartialarts.net,Not a pure BJJ school; included because it was listed earlier.
Caio Terra Academy Irving,Irving,"2804 N O'Connor Rd, Irving, TX 75062",972-674-9770,Collin@bjjirving.com,https://bjjirving.com,
Carlos Machado Jiu-Jitsu - The Colony (After School Program),The Colony,"5201 S Colony Blvd Ste 575, The Colony, TX 75056",214-494-6111,rcjmachadojiujitsuthecolony@gmail.com,https://thecolonysbestafterschool.com,Same school; after-school program site.
Carlos Machado Jiu-Jitsu - The Colony (RCJ Machado),The Colony,"5201 S Colony Blvd Ste 575, The Colony, TX 75056",214-494-6111,rcjmachadojiujitsuthecolony@gmail.com,https://rcjmjjthecolony.com,
Carlos Machado Jiu-Jitsu (Lake Highlands),Dallas,"10675 E Northwest Hwy Suite 2900, Dallas, TX 75238",214-221-1977,,https://marciosantosjiujitsu.com,Location referenced in earlier list; verify suite/branding on first call.
Carlos Machado Jiu-Jitsu Denton,Denton,"2430 S Interstate 35E Suite 230, Denton, TX 76205",940-514-5431,cmjjdenton@gmail.com,https://www.cmjjdenton.com,
Carlos Machado Jiu-Jitsu Headquarters,Carrollton,"2201 Midway Rd Ste 312, Carrollton, TX 75006",469-465-9426,carlosmachadojiujitsu@gmail.com,https://www.carlosmachado.net,
Carlson Gracie Jiu-Jitsu DFW,Lewisville,"3964 State Hwy 121 Suite 750, Lewisville, TX 75056",469-744-0806,info@carlsongraciedfw.com,https://carlsongraciedfw.com,
CJJF McKinney (Caveirinha Jiu-Jitsu Family),McKinney,"5730 W University Dr Ste 202, McKinney, TX 75071",972-464-9663,cjjftexas@gmail.com,https://bjjtexas.com,
CJJF Prosper (Caveirinha Jiu-Jitsu Family),Prosper,"2110 W University Dr Ste 103, Prosper, TX 75078",469-362-4300,cjjftexas@gmail.com,https://bjjtexas.com,
CJJF West Frisco (Caveirinha Jiu-Jitsu Family),Frisco,"1931 FM 423 Suite 700, Frisco, TX 75033",469-362-4300,cjjftexas@gmail.com,https://www.cjjftx.com/,
Cobra Brazilian Jiu-Jitsu,Plano,"1441 Coit Rd Suite G, Plano, TX 75075",972-863-1555,info@cobrabjj.com,https://www.cobrabjj.com,
Combate Academy,Cross Roads,"8800 US-380 Ste 800, Cross Roads, TX 76227",940-548-5487,info@combateacademy.com,https://www.combateacademy.com,
Daisy Fresh Jiu-Jitsu North Texas,Denton,"717 S Interstate 35E #128, Denton, TX 76205",940-202-1347,info@daisyfreshntx.com,https://www.daisyfreshntx.com,
DFW Combat Co.,Dallas,"131 Express St, Dallas, TX 75207",469-502-7655,info@dfwcombat.com,https://www.dfwcombat.com,
Diamondback Jiu-Jitsu,Frisco,"8981 2nd St Ste 200, Frisco, TX 75034",214-407-8641,diamondbackbjj@gmail.com,https://diamondbackbjj.com,
Eclipse BJJ and Grappling Academy,Krum,"16580 US-380 Unit 701, Krum, TX 76249",940-353-3323,contact@eclipsebjj.com,https://www.eclipsebjj.com,
Fitness Fight Factory (North Richland Hills),North Richland Hills,"8443 Boulevard 26, North Richland Hills, TX 76180",817-656-5600,info@fitnessfightfactory.com,https://fitnessfightfactory.com,Not a pure BJJ school; included because it was listed earlier.
Fort Worth Combatives,Fort Worth,"8808 Camp Bowie West Blvd #110, Fort Worth, TX 76116",817-455-8387,robert.klenka@gmail.com,https://fortworthcombatives.com,
Frequency BJJ & Fitness,Fort Worth,"2603 8th Ave B, Fort Worth, TX 76110",817-646-7717,info@frequencyjiujitsu.com,https://frequencyjiujitsu.com,
Genesis Jiu Jitsu,Fort Worth,"5512 River Oaks Blvd, River Oaks, TX 76114",817-763-8876,albert@genesisjiujitsu.com,https://www.genesisjiujitsu.com,
Global MMA and Muay Thai,Dallas,"1336 Inwood Rd, Dallas, TX 75247",972-987-7967,,https://www.globalmma.net,
Gracie Barra Frisco,Frisco,"360 Stonebrook Pkwy Ste 106, Frisco, TX 75034",469-484-6813,info@gbfriscotexas.com,https://gbfriscotexas.com,
Gracie Barra McKinney,McKinney,"7901 W Eldorado Pkwy Ste 120, McKinney, TX 75070",469-712-0737,info@gbmckinney.com,https://gbmckinney.com,
Gracie Barra West Fort Worth,Fort Worth,"2700 White Settlement Rd, Fort Worth, TX 76107",817-899-6608,info@gbwestfortworth.com,https://gbwestfortworth.com,
Gracie Jiu-Jitsu Fort Worth,Fort Worth,"8808 Camp Bowie West Blvd Suite 110, Fort Worth, TX 76116",817-455-8387,,https://www.gracieuniversity.com,
GracieOne Jiu Jitsu Academy,Dallas,"11661 Preston Rd Ste 186, Dallas, TX 75230",469-585-1506,gracieone1920@gmail.com,https://gracieone.com,
GRIT Factory,Plano,"3020 Legacy Dr Suite 250, Plano, TX 75023",469-755-9521,info@gritfactory.net,https://gritfactory.net,
Gym Jitsu Allen,Allen,"1108 N Greenville Ave Ste 103, Allen, TX 75002",214-308-6350,info@gymjitsuallen.com,https://bjjallen.com,
Hicks MMA,Carrollton,"1500 W Hebron Pkwy Ste 104, Carrollton, TX 75010",214-760-6911,info@hicksmma.com,https://hicksmma.com,
James McGar's Martial Arts,Denton,"211 N Austin St, Denton, TX 76201",940-387-1080,,https://mcgarmartialarts.com,
Jesse Palmer Brazilian Jiu-Jitsu (Soul Fighters Plano),Plano,"8500 Ohio Dr Ste 300, Plano, TX 75024",972-765-4593,,https://www.palmerbjj.com,
Jiu Jitsu Tech (Corinth),Corinth,"7650 Interstate 35E (Suite 132), Corinth, TX 76210",940-279-1091,jiujitsutechofcorinth@gmail.com,https://www.jiujitsutech.com,
John Machado Brazilian Jiu-Jitsu Academy,Allen,"111 Central Expy S Ste 116, Allen, TX 75013",469-885-7905,,https://johnmachadobjj.com,
Legacy Brazilian Jiu-Jitsu,Allen,"190 E Stacy Rd Ste 1605, Allen, TX 75002",214-901-4449,info@legacy-bjj.com,https://legacy-bjj.com,
LP Martial Arts,Lewisville,"1128 W Main St, Lewisville, TX 75067",469-630-1737,info@lpmartialarts.com,https://lpmartialarts.com,
Marcelo Garcia Jiu-Jitsu of Dallas,Dallas,"5706 E Mockingbird Ln Ste 230, Dallas, TX 75206",214-546-7379,info@marcelogarciadallas.com,https://www.marcelogarciadallas.com,
Mezger Martial Arts,Richardson,"235 N Central Expy, Richardson, TX 75080",855-204-0004,mezgermartialarts@gmail.com,https://www.guymezger.com,
Neutral Grounds Brazilian Jiu-Jitsu,Frisco,"207 King Rd Ste 205, Frisco, TX 75034",469-362-4300,,https://www.ngbjjdallas.com,
New Concept BJJ,Dallas,"7035 Greenville Ave Ste 101A, Dallas, TX 75231",214-908-1364,newconceptbjj@gmail.com,https://newconceptbjj.com,Alt contact seen: 972-383-9065.
Next Generation MMA,Frisco,"2995 Preston Rd #1550, Frisco, TX 75034",972-987-0621,sarah@nextgenerationmma.com,https://nextgenerationmma.com,Preferred contact method: text.
North South Jiu Jitsu,Richardson,"2010 N Plano Rd Suite 107, Richardson, TX 75082",214-730-0605,info@northsouthjj.com,https://northsouthjj.com,
Northern Tribe Brazilian Jiu-Jitsu,Plano,"2070 W Spring Creek Pkwy Suite 346, Plano, TX 75023",214-799-8024,info@northerntribebjj.com,https://www.northerntribebjj.com,
Octagon MMA (Octagon Martial Arts Studio),Dallas,"124 Leslie St, Dallas, TX 75207",214-521-6662,info@octagonmma.com,https://octagonmma.com,
Ohana Warrior Gym,Richardson,"525 W Arapaho Rd Suite 18, Richardson, TX 75080",972-968-7306,ohana.warriors@gmail.com,https://ohanawarrior.com,
Progresso Jiu-Jitsu (Frisco),Frisco,"8050 Preston Rd Suite 207, Frisco, TX 75034",469-535-7022,contact@progressojiujitsu.com,https://progressojiujitsu.com,
Progresso Jiu-Jitsu (Plano),Plano,"3000 Custer Rd Suite 220, Plano, TX 75075",972-526-0756,contact@progressojiujitsu.com,https://progressojiujitsu.com,
Progresso Jiu-Jitsu (Richardson),Richardson,"819 W Arapaho Rd Ste 18, Richardson, TX 75080",469-833-3517,contact@progressojiujitsu.com,https://progressojiujitsu.com,
RCJ Machado Jiu-Jitsu (Farmers Branch),Farmers Branch,"14430 Midway Rd Ste 270, Farmers Branch, TX 75244",972-934-1316,carlosmachadojiujitsu@gmail.com,https://www.rcjmjj.com,
Reding Martial Arts,Denton,"407 Fort Worth Dr, Denton, TX 76201",940-891-6000,info@redingmartialarts.com,https://www.redingmartialarts.com,
Ricardo Demente Abreu BJJ,Plano,"4020 W Plano Pkwy, Plano, TX 75093",469-573-3385,,http://ricardobjj.com,
Rio Jiu-Jitsu Lifestyle,Dallas,"6465 E Mockingbird Ln Ste 350, Dallas, TX 75214",945-269-0101,info@riobjj.com,https://riobjj.com,
Risen Jiu-Jitsu & Fitness,Corinth,"1402 N Corinth St Ste 208, Corinth, TX 76208",940-326-9009,gavenda_bjj@risenbjj.com,http://www.risenbjj.com,
Rocha Martial Arts (Las Colinas),Irving,"6561 Riverside Dr, Irving, TX 75039",469-718-9191,contact@rochamartialarts.com,https://www.rochamartialarts.com,"Address announced publicly; site lists Irving, TX."
Rockstar Martial Arts - North Frisco,Frisco,"11955 Dallas Pkwy #100, Frisco, TX 75033",214-387-8727,info@rockstarmartialarts.com,https://rockstarmartialarts.com,
Rockstar Martial Arts - North McKinney,McKinney,"1821 N Lake Forest Dr Suite 600, McKinney, TX 75071",469-525-6111,northmckinney@rockstarmartialarts.com,https://rockstarmartialarts.com,
Rockstar Martial Arts - South Frisco,Frisco,"5444 FM 423 #500, Frisco, TX 75036",469-588-5969,southfrisco@rockstarmartialarts.com,https://rockstarmartialarts.com,
Schembri Method Jiu-Jitsu,Argyle,"2231 Berniece Jones Rd #107, Argyle, TX 76226",,schembrimethod@gmail.com,https://schembrimethod.com,
Sharpen Iron Academy,Plano,"4017 Preston Rd Suite B-542, Plano, TX 75093",214-227-7111,info@sharpeniron.com,https://sharpenironacademy.com,
Silva Academy Brazilian Jiu-Jitsu,Lewisville,"2488 Meadowglen Dr #201, Lewisville, TX 75067",469-771-0522,silvadojotx@gmail.com,https://silvaacademy.com,
Silverback BJJ,Fort Worth,"5769 Westcreek Dr, Fort Worth, TX 76133",817-891-2225,silverbackbjjfw@gmail.com,https://www.silverbackbjjfw.com,
Six Blades Jiu-Jitsu Fort Worth (Team Marra),Fort Worth,"6060 Southwest Blvd, Fort Worth, TX 76109",817-805-9122,teammarrabjj@gmail.com,https://jiujitsufortworth.com,
Six Blades Jiu-Jitsu McKinney,McKinney,"7951 Collin McKinney Pkwy Ste 550, McKinney, TX 75070",214-548-4815,info@jiujitsumckinney.com,https://www.jiujitsumckinney.com,
Solidarity MMA,Frisco,"14111 King Rd Ste 510, Frisco, TX 75036",469-461-7623,solidaritymmafrisco@gmail.com,https://solidaritymma.com,
Star Jiu Jitsu,Carrollton,"3730 N Josey Ln Ste 114, Carrollton, TX 75007",214-727-9550,starbjj@yahoo.com,https://starbjj.com,
Street Jitsu,Roanoke,"10803 Grapevine Hwy, Roanoke, TX 76262",817-354-2603,,http://streetjitsu.com,Not strictly BJJ; included because it was mentioned.
Tactical Krav Maga (Davis Martial Arts & Fitness),Pilot Point,"100 E Main St, Pilot Point, TX 76258",940-686-0300,info@davismartialarts.com,https://davismartialarts.com,Not a BJJ school; included because it was mentioned as a cross-training option.
Trainers Elite,Carrollton,"2659 E Belt Line Rd, Carrollton, TX 75006",972-387-8500,,http://www.trainers-elite.net,
Travis Lutter Brazilian Jiu-Jitsu,Fort Worth,"6913 Camp Bowie Blvd Suite 133, Fort Worth, TX 76116",817-337-9889,luttertravis1@gmail.com,https://travislutter.com,
Underground Jiu-Jitsu,Plano,"1406 Capital Ave Ste 100, Plano, TX 75074",469-855-5758,info@underground-bjj.com,https://undergroundbjjplano.com,
Zombie Krew Jiu Jitsu,Fort Worth,"2720 Western Center Blvd Ste 300, Fort Worth, TX 76131",682-279-2545,jorge@zombiekrewjiujitsu.com,https://www.facebook.com/ZombieKrewJiuJitsu/,